INSERT INTO npc_types (id, name, lastname, level, race, class, bodytype, hp, mana, gender, texture, helmtexture, size, merchant_id) VALUES (202901, 'Bard_Elemental_Armor', 'Bard Elemental Armor', 1, 1, 41, 1, 100, 0, 2, 0, 0, 5, 202901);
INSERT INTO merchantlist (merchantid, slot, item) VALUES (202901, 1, 19549);
INSERT INTO merchantlist (merchantid, slot, item) VALUES (202901, 2, 11178);
INSERT INTO merchantlist (merchantid, slot, item) VALUES (202901, 3, 47643);
INSERT INTO merchantlist (merchantid, slot, item) VALUES (202901, 4, 12664);
INSERT INTO merchantlist (merchantid, slot, item) VALUES (202901, 5, 16771);
INSERT INTO merchantlist (merchantid, slot, item) VALUES (202901, 6, 9818);
INSERT INTO spawngroup (id, name) VALUES (202901, 'Bard_Elemental_Armor_spawngroup');
INSERT INTO spawnentry (spawngroupID, npcID, chance) VALUES (202901, 202901, 100);
INSERT INTO spawn2 (zone, version, spawngroupID, x, y, z, heading, respawntime) VALUES ('poknowledge', 0, 202901, -162.42, 49.64, -158.5, 0, 30);
INSERT INTO npc_types (id, name, lastname, level, race, class, bodytype, hp, mana, gender, texture, helmtexture, size, merchant_id) VALUES (202902, 'Beastlord_Elemental_Armor', 'Beastlord Elemental Armor', 1, 1, 41, 1, 100, 0, 2, 0, 0, 5, 202902);
INSERT INTO merchantlist (merchantid, slot, item) VALUES (202902, 1, 20032);
INSERT INTO merchantlist (merchantid, slot, item) VALUES (202902, 2, 11196);
INSERT INTO merchantlist (merchantid, slot, item) VALUES (202902, 3, 9824);
INSERT INTO merchantlist (merchantid, slot, item) VALUES (202902, 4, 13553);
INSERT INTO merchantlist (merchantid, slot, item) VALUES (202902, 5, 16787);
INSERT INTO merchantlist (merchantid, slot, item) VALUES (202902, 6, 11450);
INSERT INTO spawngroup (id, name) VALUES (202902, 'Beastlord_Elemental_Armor_spawngroup');
INSERT INTO spawnentry (spawngroupID, npcID, chance) VALUES (202902, 202902, 100);
INSERT INTO spawn2 (zone, version, spawngroupID, x, y, z, heading, respawntime) VALUES ('poknowledge', 0, 202902, -162.42, 54.64, -158.5, 0, 30);
INSERT INTO npc_types (id, name, lastname, level, race, class, bodytype, hp, mana, gender, texture, helmtexture, size, merchant_id) VALUES (202903, 'Cleric_Elemental_Armor', 'Cleric Elemental Armor', 1, 1, 41, 1, 100, 0, 2, 0, 0, 5, 202903);
INSERT INTO merchantlist (merchantid, slot, item) VALUES (202903, 1, 20074);
INSERT INTO merchantlist (merchantid, slot, item) VALUES (202903, 2, 84107);
INSERT INTO merchantlist (merchantid, slot, item) VALUES (202903, 3, 11199);
INSERT INTO merchantlist (merchantid, slot, item) VALUES (202903, 4, 84108);
INSERT INTO merchantlist (merchantid, slot, item) VALUES (202903, 5, 47646);
INSERT INTO merchantlist (merchantid, slot, item) VALUES (202903, 6, 84109);
INSERT INTO merchantlist (merchantid, slot, item) VALUES (202903, 7, 13563);
INSERT INTO merchantlist (merchantid, slot, item) VALUES (202903, 8, 84110);
INSERT INTO merchantlist (merchantid, slot, item) VALUES (202903, 9, 16797);
INSERT INTO merchantlist (merchantid, slot, item) VALUES (202903, 10, 84111);
INSERT INTO merchantlist (merchantid, slot, item) VALUES (202903, 11, 9827);
INSERT INTO merchantlist (merchantid, slot, item) VALUES (202903, 12, 84112);
INSERT INTO spawngroup (id, name) VALUES (202903, 'Cleric_Elemental_Armor_spawngroup');
INSERT INTO spawnentry (spawngroupID, npcID, chance) VALUES (202903, 202903, 100);
INSERT INTO spawn2 (zone, version, spawngroupID, x, y, z, heading, respawntime) VALUES ('poknowledge', 0, 202903, -162.42, 59.64, -158.5, 0, 30);
INSERT INTO npc_types (id, name, lastname, level, race, class, bodytype, hp, mana, gender, texture, helmtexture, size, merchant_id) VALUES (202904, 'Druid_Elemental_Armor', 'Druid Elemental Armor', 1, 1, 41, 1, 100, 0, 2, 0, 0, 5, 202904);
INSERT INTO merchantlist (merchantid, slot, item) VALUES (202904, 1, 20422);
INSERT INTO merchantlist (merchantid, slot, item) VALUES (202904, 2, 84142);
INSERT INTO merchantlist (merchantid, slot, item) VALUES (202904, 3, 11281);
INSERT INTO merchantlist (merchantid, slot, item) VALUES (202904, 4, 84143);
INSERT INTO merchantlist (merchantid, slot, item) VALUES (202904, 5, 9833);
INSERT INTO merchantlist (merchantid, slot, item) VALUES (202904, 6, 84144);
INSERT INTO merchantlist (merchantid, slot, item) VALUES (202904, 7, 13603);
INSERT INTO merchantlist (merchantid, slot, item) VALUES (202904, 8, 84145);
INSERT INTO merchantlist (merchantid, slot, item) VALUES (202904, 9, 16811);
INSERT INTO merchantlist (merchantid, slot, item) VALUES (202904, 10, 84146);
INSERT INTO merchantlist (merchantid, slot, item) VALUES (202904, 11, 11575);
INSERT INTO merchantlist (merchantid, slot, item) VALUES (202904, 12, 84147);
INSERT INTO merchantlist (merchantid, slot, item) VALUES (202904, 13, 47651);
INSERT INTO merchantlist (merchantid, slot, item) VALUES (202904, 14, 84148);
INSERT INTO spawngroup (id, name) VALUES (202904, 'Druid_Elemental_Armor_spawngroup');
INSERT INTO spawnentry (spawngroupID, npcID, chance) VALUES (202904, 202904, 100);
INSERT INTO spawn2 (zone, version, spawngroupID, x, y, z, heading, respawntime) VALUES ('poknowledge', 0, 202904, -162.42, 64.64, -158.5, 0, 30);
INSERT INTO npc_types (id, name, lastname, level, race, class, bodytype, hp, mana, gender, texture, helmtexture, size, merchant_id) VALUES (202905, 'Enchanter_Elemental_Armor', 'Enchanter Elemental Armor', 1, 1, 41, 1, 100, 0, 2, 0, 0, 5, 202905);
INSERT INTO merchantlist (merchantid, slot, item) VALUES (202905, 1, 11298);
INSERT INTO merchantlist (merchantid, slot, item) VALUES (202905, 2, 84135);
INSERT INTO merchantlist (merchantid, slot, item) VALUES (202905, 3, 9836);
INSERT INTO merchantlist (merchantid, slot, item) VALUES (202905, 4, 84136);
INSERT INTO merchantlist (merchantid, slot, item) VALUES (202905, 5, 13614);
INSERT INTO merchantlist (merchantid, slot, item) VALUES (202905, 6, 84137);
INSERT INTO merchantlist (merchantid, slot, item) VALUES (202905, 7, 16931);
INSERT INTO merchantlist (merchantid, slot, item) VALUES (202905, 8, 84138);
INSERT INTO merchantlist (merchantid, slot, item) VALUES (202905, 9, 47656);
INSERT INTO merchantlist (merchantid, slot, item) VALUES (202905, 10, 84139);
INSERT INTO merchantlist (merchantid, slot, item) VALUES (202905, 11, 11578);
INSERT INTO merchantlist (merchantid, slot, item) VALUES (202905, 12, 84140);
INSERT INTO merchantlist (merchantid, slot, item) VALUES (202905, 13, 20425);
INSERT INTO merchantlist (merchantid, slot, item) VALUES (202905, 14, 84141);
INSERT INTO spawngroup (id, name) VALUES (202905, 'Enchanter_Elemental_Armor_spawngroup');
INSERT INTO spawnentry (spawngroupID, npcID, chance) VALUES (202905, 202905, 100);
INSERT INTO spawn2 (zone, version, spawngroupID, x, y, z, heading, respawntime) VALUES ('poknowledge', 0, 202905, -162.42, 69.64, -158.5, 0, 30);
INSERT INTO npc_types (id, name, lastname, level, race, class, bodytype, hp, mana, gender, texture, helmtexture, size, merchant_id) VALUES (202906, 'Magician_Elemental_Armor', 'Magician Elemental Armor', 1, 1, 41, 1, 100, 0, 2, 0, 0, 5, 202906);
INSERT INTO merchantlist (merchantid, slot, item) VALUES (202906, 1, 11303);
INSERT INTO merchantlist (merchantid, slot, item) VALUES (202906, 2, 13619);
INSERT INTO merchantlist (merchantid, slot, item) VALUES (202906, 3, 19021);
INSERT INTO merchantlist (merchantid, slot, item) VALUES (202906, 4, 47655);
INSERT INTO merchantlist (merchantid, slot, item) VALUES (202906, 5, 20428);
INSERT INTO merchantlist (merchantid, slot, item) VALUES (202906, 6, 11598);
INSERT INTO merchantlist (merchantid, slot, item) VALUES (202906, 7, 9944);
INSERT INTO spawngroup (id, name) VALUES (202906, 'Magician_Elemental_Armor_spawngroup');
INSERT INTO spawnentry (spawngroupID, npcID, chance) VALUES (202906, 202906, 100);
INSERT INTO spawn2 (zone, version, spawngroupID, x, y, z, heading, respawntime) VALUES ('poknowledge', 0, 202906, -162.42, 74.64, -158.5, 0, 30);
INSERT INTO npc_types (id, name, lastname, level, race, class, bodytype, hp, mana, gender, texture, helmtexture, size, merchant_id) VALUES (202907, 'Monk_Elemental_Armor', 'Monk Elemental Armor', 1, 1, 41, 1, 100, 0, 2, 0, 0, 5, 202907);
INSERT INTO merchantlist (merchantid, slot, item) VALUES (202907, 1, 12624);
INSERT INTO merchantlist (merchantid, slot, item) VALUES (202907, 2, 9809);
INSERT INTO merchantlist (merchantid, slot, item) VALUES (202907, 3, 16727);
INSERT INTO merchantlist (merchantid, slot, item) VALUES (202907, 4, 11435);
INSERT INTO spawngroup (id, name) VALUES (202907, 'Monk_Elemental_Armor_spawngroup');
INSERT INTO spawnentry (spawngroupID, npcID, chance) VALUES (202907, 202907, 100);
INSERT INTO spawn2 (zone, version, spawngroupID, x, y, z, heading, respawntime) VALUES ('poknowledge', 0, 202907, -162.42, 79.64, -158.5, 0, 30);
INSERT INTO npc_types (id, name, lastname, level, race, class, bodytype, hp, mana, gender, texture, helmtexture, size, merchant_id) VALUES (202908, 'Necromancer_Elemental_Armor', 'Necromancer Elemental Armor', 1, 1, 41, 1, 100, 0, 2, 0, 0, 5, 202908);
INSERT INTO merchantlist (merchantid, slot, item) VALUES (202908, 1, 68080);
INSERT INTO merchantlist (merchantid, slot, item) VALUES (202908, 2, 11306);
INSERT INTO merchantlist (merchantid, slot, item) VALUES (202908, 3, 9947);
INSERT INTO merchantlist (merchantid, slot, item) VALUES (202908, 4, 13623);
INSERT INTO merchantlist (merchantid, slot, item) VALUES (202908, 5, 19024);
INSERT INTO merchantlist (merchantid, slot, item) VALUES (202908, 6, 1254);
INSERT INTO merchantlist (merchantid, slot, item) VALUES (202908, 7, 20431);
INSERT INTO merchantlist (merchantid, slot, item) VALUES (202908, 8, 47653);
INSERT INTO merchantlist (merchantid, slot, item) VALUES (202908, 9, 11618);
INSERT INTO spawngroup (id, name) VALUES (202908, 'Necromancer_Elemental_Armor_spawngroup');
INSERT INTO spawnentry (spawngroupID, npcID, chance) VALUES (202908, 202908, 100);
INSERT INTO spawn2 (zone, version, spawngroupID, x, y, z, heading, respawntime) VALUES ('poknowledge', 0, 202908, -162.42, 84.64, -158.5, 0, 30);
INSERT INTO npc_types (id, name, lastname, level, race, class, bodytype, hp, mana, gender, texture, helmtexture, size, merchant_id) VALUES (202909, 'Paladin_Elemental_Armor', 'Paladin Elemental Armor', 1, 1, 41, 1, 100, 0, 2, 0, 0, 5, 202909);
INSERT INTO merchantlist (merchantid, slot, item) VALUES (202909, 1, 11438);
INSERT INTO merchantlist (merchantid, slot, item) VALUES (202909, 2, 19449);
INSERT INTO merchantlist (merchantid, slot, item) VALUES (202909, 3, 11163);
INSERT INTO merchantlist (merchantid, slot, item) VALUES (202909, 4, 47644);
INSERT INTO merchantlist (merchantid, slot, item) VALUES (202909, 5, 12627);
INSERT INTO merchantlist (merchantid, slot, item) VALUES (202909, 6, 16757);
INSERT INTO merchantlist (merchantid, slot, item) VALUES (202909, 7, 9812);
INSERT INTO spawngroup (id, name) VALUES (202909, 'Paladin_Elemental_Armor_spawngroup');
INSERT INTO spawnentry (spawngroupID, npcID, chance) VALUES (202909, 202909, 100);
INSERT INTO spawn2 (zone, version, spawngroupID, x, y, z, heading, respawntime) VALUES ('poknowledge', 0, 202909, -162.42, 89.64, -158.5, 0, 30);
INSERT INTO npc_types (id, name, lastname, level, race, class, bodytype, hp, mana, gender, texture, helmtexture, size, merchant_id) VALUES (202910, 'Ranger_Elemental_Armor', 'Ranger Elemental Armor', 1, 1, 41, 1, 100, 0, 2, 0, 0, 5, 202910);
INSERT INTO merchantlist (merchantid, slot, item) VALUES (202910, 1, 11447);
INSERT INTO merchantlist (merchantid, slot, item) VALUES (202910, 2, 19838);
INSERT INTO merchantlist (merchantid, slot, item) VALUES (202910, 3, 11193);
INSERT INTO merchantlist (merchantid, slot, item) VALUES (202910, 4, 47647);
INSERT INTO merchantlist (merchantid, slot, item) VALUES (202910, 5, 12816);
INSERT INTO merchantlist (merchantid, slot, item) VALUES (202910, 6, 16777);
INSERT INTO merchantlist (merchantid, slot, item) VALUES (202910, 7, 9821);
INSERT INTO spawngroup (id, name) VALUES (202910, 'Ranger_Elemental_Armor_spawngroup');
INSERT INTO spawnentry (spawngroupID, npcID, chance) VALUES (202910, 202910, 100);
INSERT INTO spawn2 (zone, version, spawngroupID, x, y, z, heading, respawntime) VALUES ('poknowledge', 0, 202910, -162.42, 94.64, -158.5, 0, 30);
INSERT INTO npc_types (id, name, lastname, level, race, class, bodytype, hp, mana, gender, texture, helmtexture, size, merchant_id) VALUES (202911, 'Rogue_Elemental_Armor', 'Rogue Elemental Armor', 1, 1, 41, 1, 100, 0, 2, 0, 0, 5, 202911);
INSERT INTO merchantlist (merchantid, slot, item) VALUES (202911, 1, 19443);
INSERT INTO merchantlist (merchantid, slot, item) VALUES (202911, 2, 84121);
INSERT INTO merchantlist (merchantid, slot, item) VALUES (202911, 3, 11141);
INSERT INTO merchantlist (merchantid, slot, item) VALUES (202911, 4, 84122);
INSERT INTO merchantlist (merchantid, slot, item) VALUES (202911, 5, 16717);
INSERT INTO merchantlist (merchantid, slot, item) VALUES (202911, 6, 84124);
INSERT INTO merchantlist (merchantid, slot, item) VALUES (202911, 7, 9806);
INSERT INTO merchantlist (merchantid, slot, item) VALUES (202911, 8, 84126);
INSERT INTO merchantlist (merchantid, slot, item) VALUES (202911, 9, 11432);
INSERT INTO merchantlist (merchantid, slot, item) VALUES (202911, 10, 84127);
INSERT INTO spawngroup (id, name) VALUES (202911, 'Rogue_Elemental_Armor_spawngroup');
INSERT INTO spawnentry (spawngroupID, npcID, chance) VALUES (202911, 202911, 100);
INSERT INTO spawn2 (zone, version, spawngroupID, x, y, z, heading, respawntime) VALUES ('poknowledge', 0, 202911, -162.42, 99.64, -158.5, 0, 30);
INSERT INTO npc_types (id, name, lastname, level, race, class, bodytype, hp, mana, gender, texture, helmtexture, size, merchant_id) VALUES (202912, 'Shadow Knight_Elemental_Armor', 'Shadow Knight Elemental Armor', 1, 1, 41, 1, 100, 0, 2, 0, 0, 5, 202912);
INSERT INTO merchantlist (merchantid, slot, item) VALUES (202912, 1, 19546);
INSERT INTO merchantlist (merchantid, slot, item) VALUES (202912, 2, 11173);
INSERT INTO merchantlist (merchantid, slot, item) VALUES (202912, 3, 12637);
INSERT INTO merchantlist (merchantid, slot, item) VALUES (202912, 4, 16763);
INSERT INTO merchantlist (merchantid, slot, item) VALUES (202912, 5, 47645);
INSERT INTO merchantlist (merchantid, slot, item) VALUES (202912, 6, 9815);
INSERT INTO merchantlist (merchantid, slot, item) VALUES (202912, 7, 11441);
INSERT INTO spawngroup (id, name) VALUES (202912, 'Shadow Knight_Elemental_Armor_spawngroup');
INSERT INTO spawnentry (spawngroupID, npcID, chance) VALUES (202912, 202912, 100);
INSERT INTO spawn2 (zone, version, spawngroupID, x, y, z, heading, respawntime) VALUES ('poknowledge', 0, 202912, -162.42, 104.64, -158.5, 0, 30);
INSERT INTO npc_types (id, name, lastname, level, race, class, bodytype, hp, mana, gender, texture, helmtexture, size, merchant_id) VALUES (202913, 'Shaman_Elemental_Armor', 'Shaman Elemental Armor', 1, 1, 41, 1, 100, 0, 2, 0, 0, 5, 202913);
INSERT INTO merchantlist (merchantid, slot, item) VALUES (202913, 1, 20078);
INSERT INTO merchantlist (merchantid, slot, item) VALUES (202913, 2, 11278);
INSERT INTO merchantlist (merchantid, slot, item) VALUES (202913, 3, 13579);
INSERT INTO merchantlist (merchantid, slot, item) VALUES (202913, 4, 16803);
INSERT INTO merchantlist (merchantid, slot, item) VALUES (202913, 5, 9830);
INSERT INTO merchantlist (merchantid, slot, item) VALUES (202913, 6, 11529);
INSERT INTO spawngroup (id, name) VALUES (202913, 'Shaman_Elemental_Armor_spawngroup');
INSERT INTO spawnentry (spawngroupID, npcID, chance) VALUES (202913, 202913, 100);
INSERT INTO spawn2 (zone, version, spawngroupID, x, y, z, heading, respawntime) VALUES ('poknowledge', 0, 202913, -162.42, 109.64, -158.5, 0, 30);
INSERT INTO npc_types (id, name, lastname, level, race, class, bodytype, hp, mana, gender, texture, helmtexture, size, merchant_id) VALUES (202914, 'Warrior_Elemental_Armor', 'Warrior Elemental Armor', 1, 1, 41, 1, 100, 0, 2, 0, 0, 5, 202914);
INSERT INTO merchantlist (merchantid, slot, item) VALUES (202914, 1, 11429);
INSERT INTO merchantlist (merchantid, slot, item) VALUES (202914, 2, 84114);
INSERT INTO merchantlist (merchantid, slot, item) VALUES (202914, 3, 19440);
INSERT INTO merchantlist (merchantid, slot, item) VALUES (202914, 4, 84115);
INSERT INTO merchantlist (merchantid, slot, item) VALUES (202914, 5, 11138);
INSERT INTO merchantlist (merchantid, slot, item) VALUES (202914, 6, 84116);
INSERT INTO merchantlist (merchantid, slot, item) VALUES (202914, 7, 47642);
INSERT INTO merchantlist (merchantid, slot, item) VALUES (202914, 8, 84117);
INSERT INTO merchantlist (merchantid, slot, item) VALUES (202914, 9, 12595);
INSERT INTO merchantlist (merchantid, slot, item) VALUES (202914, 10, 84118);
INSERT INTO merchantlist (merchantid, slot, item) VALUES (202914, 11, 16693);
INSERT INTO merchantlist (merchantid, slot, item) VALUES (202914, 12, 84119);
INSERT INTO merchantlist (merchantid, slot, item) VALUES (202914, 13, 9629);
INSERT INTO merchantlist (merchantid, slot, item) VALUES (202914, 14, 84120);
INSERT INTO spawngroup (id, name) VALUES (202914, 'Warrior_Elemental_Armor_spawngroup');
INSERT INTO spawnentry (spawngroupID, npcID, chance) VALUES (202914, 202914, 100);
INSERT INTO spawn2 (zone, version, spawngroupID, x, y, z, heading, respawntime) VALUES ('poknowledge', 0, 202914, -162.42, 114.64, -158.5, 0, 30);
INSERT INTO npc_types (id, name, lastname, level, race, class, bodytype, hp, mana, gender, texture, helmtexture, size, merchant_id) VALUES (202915, 'Wizard_Elemental_Armor', 'Wizard Elemental Armor', 1, 1, 41, 1, 100, 0, 2, 0, 0, 5, 202915);
INSERT INTO merchantlist (merchantid, slot, item) VALUES (202915, 1, 11309);
INSERT INTO merchantlist (merchantid, slot, item) VALUES (202915, 2, 84128);
INSERT INTO merchantlist (merchantid, slot, item) VALUES (202915, 3, 93690);
INSERT INTO merchantlist (merchantid, slot, item) VALUES (202915, 4, 13627);
INSERT INTO merchantlist (merchantid, slot, item) VALUES (202915, 5, 84129);
INSERT INTO merchantlist (merchantid, slot, item) VALUES (202915, 6, 19027);
INSERT INTO merchantlist (merchantid, slot, item) VALUES (202915, 7, 84130);
INSERT INTO merchantlist (merchantid, slot, item) VALUES (202915, 8, 47654);
INSERT INTO merchantlist (merchantid, slot, item) VALUES (202915, 9, 84131);
INSERT INTO merchantlist (merchantid, slot, item) VALUES (202915, 10, 20434);
INSERT INTO merchantlist (merchantid, slot, item) VALUES (202915, 11, 84132);
INSERT INTO merchantlist (merchantid, slot, item) VALUES (202915, 12, 9950);
INSERT INTO merchantlist (merchantid, slot, item) VALUES (202915, 13, 84133);
INSERT INTO merchantlist (merchantid, slot, item) VALUES (202915, 14, 11876);
INSERT INTO merchantlist (merchantid, slot, item) VALUES (202915, 15, 84134);
INSERT INTO spawngroup (id, name) VALUES (202915, 'Wizard_Elemental_Armor_spawngroup');
INSERT INTO spawnentry (spawngroupID, npcID, chance) VALUES (202915, 202915, 100);
INSERT INTO spawn2 (zone, version, spawngroupID, x, y, z, heading, respawntime) VALUES ('poknowledge', 0, 202915, -162.42, 119.64, -158.5, 0, 30);